{"cameraMode":{"drawMode":0,"name":"Shaded","section":"Shading Mode"},"sceneLighting":true,"audioPlay":false,"sceneViewState":{"m_AlwaysRefresh":false,"showFog":true,"showSkybox":false,"showFlares":true,"showImageEffects":true,"showParticleSystems":true,"showVisualEffectGraphs":true,"m_FxEnabled":true},"in2DMode":false,"pivot":{"x":2.6728250980377199,"y":-0.05486172437667847,"z":0.6768350601196289},"rotation":{"x":-0.12746065855026246,"y":0.005055415444076061,"z":-0.000649201450869441,"w":-0.9918327927589417},"size":5.761908054351807,"orthographic":false}