{"cameraMode":{"drawMode":0,"name":"Shaded","section":"Shading Mode"},"sceneLighting":false,"audioPlay":false,"sceneViewState":{"m_AlwaysRefresh":false,"showFog":true,"showSkybox":false,"showFlares":true,"showImageEffects":true,"showParticleSystems":true,"showVisualEffectGraphs":true,"m_FxEnabled":true},"in2DMode":false,"pivot":{"x":0.5163229703903198,"y":0.7368178963661194,"z":0.3820676803588867},"rotation":{"x":0.17724667489528657,"y":-0.005317583214491606,"z":-0.0009572087437845767,"w":-0.984154224395752},"size":2.0988004207611086,"orthographic":false}