{"cameraMode":{"drawMode":0,"name":"Shaded","section":"Shading Mode"},"sceneLighting":false,"audioPlay":false,"sceneViewState":{"m_AlwaysRefresh":false,"showFog":true,"showSkybox":false,"showFlares":true,"showImageEffects":true,"showParticleSystems":true,"showVisualEffectGraphs":true,"m_FxEnabled":true},"in2DMode":false,"pivot":{"x":5.605734348297119,"y":1.1099165678024293,"z":0.5345848798751831},"rotation":{"x":-0.06769641488790512,"y":0.042486321181058887,"z":-0.00288494979031384,"w":-0.9967988133430481},"size":5.585578441619873,"orthographic":false}