{"cameraMode":{"drawMode":0,"name":"Shaded","section":"Shading Mode"},"sceneLighting":false,"audioPlay":false,"sceneViewState":{"m_AlwaysRefresh":false,"showFog":true,"showSkybox":false,"showFlares":true,"showImageEffects":true,"showParticleSystems":true,"showVisualEffectGraphs":true,"m_FxEnabled":true},"in2DMode":false,"pivot":{"x":-0.42114484310150149,"y":-0.6892676949501038,"z":0.5137078762054443},"rotation":{"x":0.15851812064647675,"y":0.6573895812034607,"z":-0.14424636960029603,"w":0.7224300503730774},"size":1.008237361907959,"orthographic":false}