{"cameraMode":{"drawMode":0,"name":"Shaded","section":"Shading Mode"},"sceneLighting":false,"audioPlay":false,"sceneViewState":{"m_AlwaysRefresh":false,"showFog":true,"showSkybox":false,"showFlares":true,"showImageEffects":true,"showParticleSystems":true,"showVisualEffectGraphs":true,"m_FxEnabled":true},"in2DMode":false,"pivot":{"x":-0.0856224000453949,"y":0.0014858320355415345,"z":0.305734783411026},"rotation":{"x":0.08476937562227249,"y":0.6729409098625183,"z":-0.0780719518661499,"w":0.7306647300720215},"size":0.4082373380661011,"orthographic":false}